<?xml version="1.0" encoding="UTF-8"?>
<!DOCTYPE page PUBLIC "-//SELFHTML//DTD SDML 1.0 Full//DE"
"http://src.selfhtml.org/grammar/dtd/sdml1-full.dtd">
<page idref="referenz_javascript_benutzung">
    <idindex>
        &idindex;
    </idindex>
    <document-description></document-description>
    <document-keywords></document-keywords>
    <title>Hinweise zur Benutzung der Objektreferenz</title>
    <pageunit name="referenz-struktur">
        <heading>Allgemeine Referenz-Struktur</heading>
        <unit name="member">
            <heading>Referenz eines Members</heading>
            <p>Eigenschaft oder Methode? -&gt; im Inhaltsverzeichnis trennen, oben Eigenschaften, unten Methoden</p>
            <p>Wenn <strong>Funktion</strong>:</p>
            <ul>
                <li>Parameterliste: Nummer - Typ - Name/Erklärung ...</li>
                <li>Rückgabewert, Typ</li>
            </ul>
            <p>Wenn <strong>Eigenschaft</strong>:</p>
            <ul>
                <li>Typ (String/Number/Boolean/usw.)</li>
                <li>Lesbar und/oder schreibbar</li>
                <li>Browserunterstützung + spezifische Browserhinweise</li>
            </ul>
            <p>...</p>
        </unit>
        <unit name="objekt">
            <heading>Referenz eines Objektes</heading>
            <p>Bei allgemeinen DOM-Interfaces: Erbt von bzw. erbt an</p>
        </unit>
    </pageunit>
</page>