<?xml version="1.0" encoding="UTF-8"?>
<!DOCTYPE page PUBLIC "-//SELFHTML//DTD SDML 1.0 Full//DE"
"http://src.selfhtml.org/grammar/dtd/sdml1-full.dtd">
<page idref="referenz_javascript_document">
    <idindex>
        &idindex;
    </idindex>
    <document-description></document-description>
    <document-keywords></document-keywords>
    <title>document</title>
    <pageunit name="...">
        <heading>Notizen</heading>
        <p><hyperlink href="https://redaktion.selfhtml.org/wiki/SELF9/JavaScript/Objektreferenz/document" link-type="online-page">https://redaktion.selfhtml.org/wiki/SELF9/JavaScript/Objektreferenz/document</hyperlink></p>
    </pageunit>
    <pageunit name="...">
        <heading>...</heading>
        <p>...</p>
    </pageunit>
</page>