<?xml version="1.0" encoding="UTF-8"?>
<!DOCTYPE sub-chapter PUBLIC "-//SELFHTML//DTD SDML 1.0 Full//DE"
"http://src.selfhtml.org/grammar/dtd/sdml1-full.dtd">
<sub-chapter idref="referenz_javascript">
    <idindex>
        &idindex;
    </idindex>
    <document-description />
    <document-keywords />
    <title>JavaScript-Objektreferenz</title>
    <preface>....</preface>
    <xi:include href="benutzung.xml"><xi:fallback /></xi:include>
    <xi:include href="window.xml"><xi:fallback /></xi:include>
    <xi:include href="document.xml"><xi:fallback /></xi:include>
    <xi:include href="node.xml"><xi:fallback /></xi:include>
    <xi:include href="element.xml"><xi:fallback /></xi:include>
</sub-chapter>